Entity,Code,Year,exported_deforestation
Afghanistan,AFG,2005,2.296826597
Afghanistan,AFG,2006,1.819899915
Afghanistan,AFG,2007,0.964286132
Afghanistan,AFG,2008,0
Afghanistan,AFG,2009,0
Afghanistan,AFG,2010,0
Afghanistan,AFG,2011,0
Afghanistan,AFG,2012,0
Afghanistan,AFG,2013,0.00236122
Albania,ALB,2005,38.67139803
Albania,ALB,2006,29.54814234
Albania,ALB,2007,24.95767252
Albania,ALB,2008,21.71270176
Albania,ALB,2009,4.555236287
Albania,ALB,2010,7.115003414
Albania,ALB,2011,6.380156373
Albania,ALB,2012,7.200615184
Albania,ALB,2013,7.464269733
Algeria,DZA,2005,4.631747574
Algeria,DZA,2006,10.22509823
Algeria,DZA,2007,10.60637639
Algeria,DZA,2008,13.95267414
Algeria,DZA,2009,27.47551436
Algeria,DZA,2010,46.64418309
Algeria,DZA,2011,13.41564262
Algeria,DZA,2012,16.92532356
Algeria,DZA,2013,2.591237817
Angola,AGO,2005,4.600366774
Angola,AGO,2006,4.669240206
Angola,AGO,2007,62.33420996
Angola,AGO,2008,41.87585301
Angola,AGO,2009,30.20508026
Angola,AGO,2010,24.59186023
Angola,AGO,2011,38.99830536
Angola,AGO,2012,57.79783815
Angola,AGO,2013,32.41981569
Argentina,ARG,2005,134980.0675
Argentina,ARG,2006,141908.4237
Argentina,ARG,2007,136811.8807
Argentina,ARG,2008,148212.7845
Argentina,ARG,2009,178389.051
Argentina,ARG,2010,155636.71
Argentina,ARG,2011,200074.2666
Argentina,ARG,2012,250033.9461
Argentina,ARG,2013,166121.8661
Armenia,ARM,2005,2.718449907
Armenia,ARM,2006,3.880054131
Armenia,ARM,2007,3.901232379
Armenia,ARM,2008,1.407624769
Armenia,ARM,2009,1.485804806
Armenia,ARM,2010,2.33509221
Armenia,ARM,2011,1.068930157
Armenia,ARM,2012,0.708848752
Armenia,ARM,2013,0.605285908
Aruba,ABW,2005,0
Aruba,ABW,2006,0
Aruba,ABW,2007,0
Aruba,ABW,2008,0
Aruba,ABW,2009,0
Aruba,ABW,2010,0
Aruba,ABW,2011,0
Aruba,ABW,2012,0
Aruba,ABW,2013,0
Australia,AUS,2005,35067.82241
Australia,AUS,2006,32969.44934
Australia,AUS,2007,26702.75185
Australia,AUS,2008,16106.68287
Australia,AUS,2009,18281.77638
Australia,AUS,2010,20532.10167
Australia,AUS,2011,17424.16751
Australia,AUS,2012,15317.46482
Australia,AUS,2013,37619.54027
Austria,AUT,2005,0
Austria,AUT,2006,0
Austria,AUT,2007,0
Austria,AUT,2008,0
Austria,AUT,2009,0
Austria,AUT,2010,0
Austria,AUT,2011,0
Austria,AUT,2012,0
Austria,AUT,2013,0
Azerbaijan,AZE,2005,0
Azerbaijan,AZE,2006,0
Azerbaijan,AZE,2007,0
Azerbaijan,AZE,2008,0
Azerbaijan,AZE,2009,0
Azerbaijan,AZE,2010,0
Azerbaijan,AZE,2011,0
Azerbaijan,AZE,2012,0
Azerbaijan,AZE,2013,0
Bahamas,BHS,2005,0
Bahamas,BHS,2006,0
Bahamas,BHS,2007,0
Bahamas,BHS,2008,4.218463387
Bahamas,BHS,2009,5.949136044
Bahamas,BHS,2010,2.802871989
Bahamas,BHS,2011,1.298815578
Bahamas,BHS,2012,0.246724529
Bahamas,BHS,2013,0.110200919
Bahrain,BHR,2005,0
Bahrain,BHR,2006,0
Bahrain,BHR,2007,0
Bahrain,BHR,2008,0
Bahrain,BHR,2009,0
Bahrain,BHR,2010,0
Bahrain,BHR,2011,0
Bahrain,BHR,2012,0
Bahrain,BHR,2013,0
Bangladesh,BGD,2005,3.477594945
Bangladesh,BGD,2006,2.944968751
Bangladesh,BGD,2007,1.057308463
Bangladesh,BGD,2008,0.94635671
Bangladesh,BGD,2009,3.685551137
Bangladesh,BGD,2010,5.973595999
Bangladesh,BGD,2011,5.685423762
Bangladesh,BGD,2012,6.307400742
Bangladesh,BGD,2013,14.87351772
Barbados,BRB,2005,0.006729281
Barbados,BRB,2006,0.013770575
Barbados,BRB,2007,0.031980879
Barbados,BRB,2008,0.111261727
Barbados,BRB,2009,0.892028937
Barbados,BRB,2010,0.82206704
Barbados,BRB,2011,0.156212135
Barbados,BRB,2012,0.015167921
Barbados,BRB,2013,0.002670393
Belarus,BLR,2005,0
Belarus,BLR,2006,0
Belarus,BLR,2007,0
Belarus,BLR,2008,0
Belarus,BLR,2009,0
Belarus,BLR,2010,0
Belarus,BLR,2011,0
Belarus,BLR,2012,0
Belarus,BLR,2013,0
Belgium,BEL,2005,0
Belgium,BEL,2006,0
Belgium,BEL,2007,0
Belgium,BEL,2008,0
Belgium,BEL,2009,0
Belgium,BEL,2010,0
Belgium,BEL,2011,0
Belgium,BEL,2012,0
Belgium,BEL,2013,0
Belize,BLZ,2005,168.3445471
Belize,BLZ,2006,62.50342831
Belize,BLZ,2007,32.45691429
Belize,BLZ,2008,135.4458736
Belize,BLZ,2009,121.5745447
Belize,BLZ,2010,288.7564819
Belize,BLZ,2011,403.8338536
Belize,BLZ,2012,466.9567553
Belize,BLZ,2013,389.5137342
Benin,BEN,2005,371.5329697
Benin,BEN,2006,71.56312473
Benin,BEN,2007,23.36154971
Benin,BEN,2008,35.61578198
Benin,BEN,2009,364.3342138
Benin,BEN,2010,696.4195791
Benin,BEN,2011,347.553837
Benin,BEN,2012,781.0393306
Benin,BEN,2013,796.3651221
Bermuda,BMU,2005,0
Bermuda,BMU,2006,0
Bermuda,BMU,2007,0
Bermuda,BMU,2008,0
Bermuda,BMU,2009,0
Bermuda,BMU,2010,0
Bermuda,BMU,2011,0
Bermuda,BMU,2012,0
Bermuda,BMU,2013,0
Bhutan,BTN,2005,8.923002895
Bhutan,BTN,2006,0.667036662
Bhutan,BTN,2007,0.375504817
Bhutan,BTN,2008,0.380403646
Bhutan,BTN,2009,1.255225077
Bhutan,BTN,2010,0.530067408
Bhutan,BTN,2011,0.881453379
Bhutan,BTN,2012,0.162625837
Bhutan,BTN,2013,0.041512212
Bosnia and Herzegovina,BIH,2005,0
Bosnia and Herzegovina,BIH,2006,0
Bosnia and Herzegovina,BIH,2007,0
Bosnia and Herzegovina,BIH,2008,0
Bosnia and Herzegovina,BIH,2009,0
Bosnia and Herzegovina,BIH,2010,0
Bosnia and Herzegovina,BIH,2011,0
Bosnia and Herzegovina,BIH,2012,0
Bosnia and Herzegovina,BIH,2013,0
Botswana,BWA,2005,29.45341453
Botswana,BWA,2006,15.47286392
Botswana,BWA,2007,61.50014451
Botswana,BWA,2008,39.82167883
Botswana,BWA,2009,42.24231875
Botswana,BWA,2010,46.7059513
Botswana,BWA,2011,12.60063483
Botswana,BWA,2012,2.219883806
Botswana,BWA,2013,19.27379695
Brazil,BRA,2005,505810.0166
Brazil,BRA,2006,462755.7455
Brazil,BRA,2007,387330.4501
Brazil,BRA,2008,275577.0005
Brazil,BRA,2009,235419.5638
Brazil,BRA,2010,256034.2474
Brazil,BRA,2011,260014.6396
Brazil,BRA,2012,349946.8195
Brazil,BRA,2013,366882.9666
Brunei,BRN,2005,212.9520575
Brunei,BRN,2006,105.2536949
Brunei,BRN,2007,537.4838959
Brunei,BRN,2008,60.87335953
Brunei,BRN,2009,71.60181831
Brunei,BRN,2010,33.95740191
Brunei,BRN,2011,15.48723569
Brunei,BRN,2012,1.379489172
Brunei,BRN,2013,16.84632928
Bulgaria,BGR,2005,0
Bulgaria,BGR,2006,0
Bulgaria,BGR,2007,0
Bulgaria,BGR,2008,0
Bulgaria,BGR,2009,0
Bulgaria,BGR,2010,0
Bulgaria,BGR,2011,0
Bulgaria,BGR,2012,0
Bulgaria,BGR,2013,0
Burkina Faso,BFA,2005,2.065124771
Burkina Faso,BFA,2006,0.5342174
Burkina Faso,BFA,2007,0.714384959
Burkina Faso,BFA,2008,0.370513421
Burkina Faso,BFA,2009,0.905269233
Burkina Faso,BFA,2010,1.784670289
Burkina Faso,BFA,2011,6.400749021
Burkina Faso,BFA,2012,5.219741802
Burkina Faso,BFA,2013,5.291622522
Burundi,BDI,2005,34.37313774
Burundi,BDI,2006,8.925846195
Burundi,BDI,2007,0.261188358
Burundi,BDI,2008,21.48216127
Burundi,BDI,2009,123.1367698
Burundi,BDI,2010,44.66415074
Burundi,BDI,2011,49.25459355
Burundi,BDI,2012,66.23072121
Burundi,BDI,2013,13.67041462
Cambodia,KHM,2005,0
Cambodia,KHM,2006,0
Cambodia,KHM,2007,0
Cambodia,KHM,2008,658.3899376
Cambodia,KHM,2009,1179.038898
Cambodia,KHM,2010,1235.245867
Cambodia,KHM,2011,1332.388536
Cambodia,KHM,2012,2627.825832
Cambodia,KHM,2013,1295.75199
Cameroon,CMR,2005,1412.090985
Cameroon,CMR,2006,1977.687686
Cameroon,CMR,2007,2059.288726
Cameroon,CMR,2008,2116.246553
Cameroon,CMR,2009,2556.206146
Cameroon,CMR,2010,2996.464554
Cameroon,CMR,2011,2706.464181
Cameroon,CMR,2012,2177.850019
Cameroon,CMR,2013,1199.572928
Canada,CAN,2005,0
Canada,CAN,2006,0
Canada,CAN,2007,0
Canada,CAN,2008,0
Canada,CAN,2009,0
Canada,CAN,2010,0
Canada,CAN,2011,0
Canada,CAN,2012,0
Canada,CAN,2013,0
Cape Verde,CPV,2005,0.014971795
Cape Verde,CPV,2006,0.0032309
Cape Verde,CPV,2007,0.002139571
Cape Verde,CPV,2008,0.000983238
Cape Verde,CPV,2009,3.96008E-05
Cape Verde,CPV,2010,2.45241E-05
Cape Verde,CPV,2011,0.000166275
Cape Verde,CPV,2012,0.0032475
Cape Verde,CPV,2013,0.011578616
Cayman Islands,CYM,2005,0
Cayman Islands,CYM,2006,0
Cayman Islands,CYM,2007,0
Cayman Islands,CYM,2008,0
Cayman Islands,CYM,2009,0
Cayman Islands,CYM,2010,0
Cayman Islands,CYM,2011,0
Cayman Islands,CYM,2012,0
Cayman Islands,CYM,2013,0
Central African Republic,CAF,2005,27.6413031
Central African Republic,CAF,2006,11.21153181
Central African Republic,CAF,2007,266.0683538
Central African Republic,CAF,2008,250.0784349
Central African Republic,CAF,2009,33.20554529
Central African Republic,CAF,2010,64.74251159
Central African Republic,CAF,2011,216.4715609
Central African Republic,CAF,2012,154.3666718
Central African Republic,CAF,2013,136.2410171
Chad,TCD,2005,3.962870758
Chad,TCD,2006,4.713210913
Chad,TCD,2007,5.086187633
Chad,TCD,2008,3.792086302
Chad,TCD,2009,4.809386731
Chad,TCD,2010,5.416111392
Chad,TCD,2011,24.22433733
Chad,TCD,2012,32.39119875
Chad,TCD,2013,21.74658989
Chile,CHL,2005,0
Chile,CHL,2006,0
Chile,CHL,2007,0
Chile,CHL,2008,0
Chile,CHL,2009,0
Chile,CHL,2010,0
Chile,CHL,2011,0
Chile,CHL,2012,0
Chile,CHL,2013,0
China,CHN,2005,0
China,CHN,2006,0
China,CHN,2007,0
China,CHN,2008,0
China,CHN,2009,0
China,CHN,2010,0
China,CHN,2011,0
China,CHN,2012,0
China,CHN,2013,0
Colombia,COL,2005,1921.501354
Colombia,COL,2006,3727.546162
Colombia,COL,2007,11944.2596
Colombia,COL,2008,20722.20447
Colombia,COL,2009,10616.87776
Colombia,COL,2010,862.2836435
Colombia,COL,2011,1524.512929
Colombia,COL,2012,2814.519606
Colombia,COL,2013,5675.251712
Congo,COG,2005,1265.448827
Congo,COG,2006,1286.457903
Congo,COG,2007,1342.868954
Congo,COG,2008,717.4354861
Congo,COG,2009,1166.158592
Congo,COG,2010,2332.378473
Congo,COG,2011,2047.494062
Congo,COG,2012,3126.067125
Congo,COG,2013,2902.82031
Cook Islands,COK,2005,0
Cook Islands,COK,2006,0
Cook Islands,COK,2007,0
Cook Islands,COK,2008,0
Cook Islands,COK,2009,0
Cook Islands,COK,2010,0
Cook Islands,COK,2011,0
Cook Islands,COK,2012,0
Cook Islands,COK,2013,0
Costa Rica,CRI,2005,705.2678066
Costa Rica,CRI,2006,949.1080126
Costa Rica,CRI,2007,1239.011081
Costa Rica,CRI,2008,1880.169242
Costa Rica,CRI,2009,2144.281479
Costa Rica,CRI,2010,2636.013241
Costa Rica,CRI,2011,2556.988282
Costa Rica,CRI,2012,2716.440824
Costa Rica,CRI,2013,2802.202498
Cote d'Ivoire,CIV,2005,36236.71993
Cote d'Ivoire,CIV,2006,44323.3968
Cote d'Ivoire,CIV,2007,40735.73693
Cote d'Ivoire,CIV,2008,33021.08316
Cote d'Ivoire,CIV,2009,29721.25078
Cote d'Ivoire,CIV,2010,17204.57256
Cote d'Ivoire,CIV,2011,8789.24767
Cote d'Ivoire,CIV,2012,3659.592113
Cote d'Ivoire,CIV,2013,4065.930123
Croatia,HRV,2005,0
Croatia,HRV,2006,0
Croatia,HRV,2007,0
Croatia,HRV,2008,0
Croatia,HRV,2009,0
Croatia,HRV,2010,0
Croatia,HRV,2011,0
Croatia,HRV,2012,0
Croatia,HRV,2013,0
Cuba,CUB,2005,28.41793375
Cuba,CUB,2006,5.297031346
Cuba,CUB,2007,3.142123464
Cuba,CUB,2008,5.749266315
Cuba,CUB,2009,2.402629853
Cuba,CUB,2010,10.29821933
Cuba,CUB,2011,4.575680716
Cuba,CUB,2012,3.066621737
Cuba,CUB,2013,0.228210927
Cyprus,CYP,2005,8.766681997
Cyprus,CYP,2006,11.76589793
Cyprus,CYP,2007,14.31299306
Cyprus,CYP,2008,28.19729651
Cyprus,CYP,2009,24.67168647
Cyprus,CYP,2010,36.99837676
Cyprus,CYP,2011,67.14212851
Cyprus,CYP,2012,31.36300868
Cyprus,CYP,2013,32.46110854
Democratic Republic of Congo,COD,2005,302.1159671
Democratic Republic of Congo,COD,2006,360.8120951
Democratic Republic of Congo,COD,2007,610.2689082
Democratic Republic of Congo,COD,2008,821.0553854
Democratic Republic of Congo,COD,2009,3127.314704
Democratic Republic of Congo,COD,2010,1720.172296
Democratic Republic of Congo,COD,2011,340.8509206
Democratic Republic of Congo,COD,2012,349.1913826
Democratic Republic of Congo,COD,2013,608.3111323
Denmark,DNK,2005,0
Denmark,DNK,2006,0
Denmark,DNK,2007,0
Denmark,DNK,2008,0
Denmark,DNK,2009,0
Denmark,DNK,2010,0
Denmark,DNK,2011,0
Denmark,DNK,2012,0
Denmark,DNK,2013,0
Djibouti,DJI,2005,0
Djibouti,DJI,2006,0
Djibouti,DJI,2007,0
Djibouti,DJI,2008,0
Djibouti,DJI,2009,0
Djibouti,DJI,2010,0
Djibouti,DJI,2011,0
Djibouti,DJI,2012,0
Djibouti,DJI,2013,0
Dominica,DMA,2005,0
Dominica,DMA,2006,0
Dominica,DMA,2007,0
Dominica,DMA,2008,0
Dominica,DMA,2009,0
Dominica,DMA,2010,0
Dominica,DMA,2011,0
Dominica,DMA,2012,0
Dominica,DMA,2013,0
Dominican Republic,DOM,2005,141.066323
Dominican Republic,DOM,2006,126.4874686
Dominican Republic,DOM,2007,131.951204
Dominican Republic,DOM,2008,212.8211743
Dominican Republic,DOM,2009,386.565179
Dominican Republic,DOM,2010,310.4215595
Dominican Republic,DOM,2011,246.5057228
Dominican Republic,DOM,2012,205.998577
Dominican Republic,DOM,2013,161.4008048
East Timor,TLS,2005,9.682138937
East Timor,TLS,2006,11.19247423
East Timor,TLS,2007,5.064895748
East Timor,TLS,2008,13.87088861
East Timor,TLS,2009,0
East Timor,TLS,2010,0.141601183
East Timor,TLS,2011,11.94260226
East Timor,TLS,2012,8.703186718
East Timor,TLS,2013,6.794766206
Ecuador,ECU,2005,0.059771275
Ecuador,ECU,2006,0
Ecuador,ECU,2007,4027.329199
Ecuador,ECU,2008,7246.070453
Ecuador,ECU,2009,7017.784985
Ecuador,ECU,2010,5399.054914
Ecuador,ECU,2011,7393.162973
Ecuador,ECU,2012,3934.997762
Ecuador,ECU,2013,469.3053979
Egypt,EGY,2005,10.66418614
Egypt,EGY,2006,6.712284563
Egypt,EGY,2007,8.308146906
Egypt,EGY,2008,4.325408787
Egypt,EGY,2009,8.474729435
Egypt,EGY,2010,10.03442807
Egypt,EGY,2011,9.634051331
Egypt,EGY,2012,9.845871971
Egypt,EGY,2013,19.35020535
El Salvador,SLV,2005,128.9383185
El Salvador,SLV,2006,108.8865538
El Salvador,SLV,2007,46.2059391
El Salvador,SLV,2008,70.75380257
El Salvador,SLV,2009,67.42418316
El Salvador,SLV,2010,85.40061042
El Salvador,SLV,2011,166.2511749
El Salvador,SLV,2012,165.6764922
El Salvador,SLV,2013,682.3737456
Equatorial Guinea,GNQ,2005,0
Equatorial Guinea,GNQ,2006,0
Equatorial Guinea,GNQ,2007,0
Equatorial Guinea,GNQ,2008,0
Equatorial Guinea,GNQ,2009,0
Equatorial Guinea,GNQ,2010,0.249875495
Equatorial Guinea,GNQ,2011,0
Equatorial Guinea,GNQ,2012,0.051904449
Equatorial Guinea,GNQ,2013,0
Eritrea,ERI,2005,0.006556962
Eritrea,ERI,2006,0
Eritrea,ERI,2007,0
Eritrea,ERI,2008,0
Eritrea,ERI,2009,0
Eritrea,ERI,2010,0
Eritrea,ERI,2011,0
Eritrea,ERI,2012,0
Eritrea,ERI,2013,0
Estonia,EST,2005,0
Estonia,EST,2006,0
Estonia,EST,2007,0
Estonia,EST,2008,0
Estonia,EST,2009,0
Estonia,EST,2010,0
Estonia,EST,2011,0
Estonia,EST,2012,0
Estonia,EST,2013,0
Ethiopia,ETH,2005,3608.135181
Ethiopia,ETH,2006,3902.70495
Ethiopia,ETH,2007,3121.296928
Ethiopia,ETH,2008,3048.075827
Ethiopia,ETH,2009,4130.281208
Ethiopia,ETH,2010,2864.133678
Ethiopia,ETH,2011,2150.160522
Ethiopia,ETH,2012,2254.212744
Ethiopia,ETH,2013,1863.723292
Fiji,FJI,2005,568.5963496
Fiji,FJI,2006,483.7906432
Fiji,FJI,2007,348.398919
Fiji,FJI,2008,184.8563188
Fiji,FJI,2009,158.2968583
Fiji,FJI,2010,184.9091912
Fiji,FJI,2011,74.68715184
Fiji,FJI,2012,88.04683425
Fiji,FJI,2013,444.678434
Finland,FIN,2005,0
Finland,FIN,2006,0
Finland,FIN,2007,0
Finland,FIN,2008,0
Finland,FIN,2009,0
Finland,FIN,2010,0
Finland,FIN,2011,0
Finland,FIN,2012,0
Finland,FIN,2013,0
France,FRA,2005,0
France,FRA,2006,0
France,FRA,2007,0
France,FRA,2008,0
France,FRA,2009,0
France,FRA,2010,0
France,FRA,2011,0
France,FRA,2012,0
France,FRA,2013,0
French Guiana,GUF,2005,0
French Guiana,GUF,2006,0
French Guiana,GUF,2007,0
French Guiana,GUF,2008,0
French Guiana,GUF,2009,0
French Guiana,GUF,2010,0
French Guiana,GUF,2011,0
French Guiana,GUF,2012,0
French Guiana,GUF,2013,0
French Polynesia,PYF,2005,0
French Polynesia,PYF,2006,0
French Polynesia,PYF,2007,0
French Polynesia,PYF,2008,0
French Polynesia,PYF,2009,0
French Polynesia,PYF,2010,0
French Polynesia,PYF,2011,0
French Polynesia,PYF,2012,0
French Polynesia,PYF,2013,0
Gabon,GAB,2005,14.67341433
Gabon,GAB,2006,107.0187962
Gabon,GAB,2007,143.5152753
Gabon,GAB,2008,249.6794896
Gabon,GAB,2009,271.8574944
Gabon,GAB,2010,314.6521343
Gabon,GAB,2011,265.554355
Gabon,GAB,2012,148.4933588
Gabon,GAB,2013,114.7694187
Gambia,GMB,2005,0.002133381
Gambia,GMB,2006,0.145861724
Gambia,GMB,2007,1.477506097
Gambia,GMB,2008,16.56846145
Gambia,GMB,2009,22.4896845
Gambia,GMB,2010,7.630238372
Gambia,GMB,2011,22.875828
Gambia,GMB,2012,13.2297148
Gambia,GMB,2013,0.375818694
Georgia,GEO,2005,193.3117398
Georgia,GEO,2006,262.4960963
Georgia,GEO,2007,188.6465104
Georgia,GEO,2008,249.5810093
Georgia,GEO,2009,139.7102769
Georgia,GEO,2010,73.12604534
Georgia,GEO,2011,63.60857634
Georgia,GEO,2012,54.46013933
Georgia,GEO,2013,52.317011
Germany,DEU,2005,0
Germany,DEU,2006,0
Germany,DEU,2007,0
Germany,DEU,2008,0
Germany,DEU,2009,0
Germany,DEU,2010,0
Germany,DEU,2011,0
Germany,DEU,2012,0
Germany,DEU,2013,0
Ghana,GHA,2005,13612.00108
Ghana,GHA,2006,17529.76535
Ghana,GHA,2007,9294.78199
Ghana,GHA,2008,8809.708224
Ghana,GHA,2009,6394.377718
Ghana,GHA,2010,3341.25284
Ghana,GHA,2011,7352.207764
Ghana,GHA,2012,6903.133827
Ghana,GHA,2013,9465.056455
Greece,GRC,2005,51.37922596
Greece,GRC,2006,48.05928898
Greece,GRC,2007,54.77769498
Greece,GRC,2008,55.18393263
Greece,GRC,2009,74.41002572
Greece,GRC,2010,94.62294213
Greece,GRC,2011,415.0441929
Greece,GRC,2012,656.4398819
Greece,GRC,2013,1214.519691
Grenada,GRD,2005,0
Grenada,GRD,2006,0
Grenada,GRD,2007,17.39406662
Grenada,GRD,2008,17.25398993
Grenada,GRD,2009,17.03088943
Grenada,GRD,2010,26.88730757
Grenada,GRD,2011,27.59110927
Grenada,GRD,2012,35.11061668
Grenada,GRD,2013,12.03785295
Guadeloupe,GLP,2005,0
Guadeloupe,GLP,2006,0
Guadeloupe,GLP,2007,0
Guadeloupe,GLP,2008,0
Guadeloupe,GLP,2009,0
Guadeloupe,GLP,2010,0
Guadeloupe,GLP,2011,0
Guatemala,GTM,2005,9570.481955
Guatemala,GTM,2006,7186.628469
Guatemala,GTM,2007,2467.655444
Guatemala,GTM,2008,515.1250117
Guatemala,GTM,2009,395.5206099
Guatemala,GTM,2010,549.7067828
Guatemala,GTM,2011,476.5070775
Guatemala,GTM,2012,684.6063052
Guatemala,GTM,2013,817.2398553
Guinea,GIN,2005,829.0960977
Guinea,GIN,2006,987.1957068
Guinea,GIN,2007,884.2196006
Guinea,GIN,2008,702.3458816
Guinea,GIN,2009,667.9204362
Guinea,GIN,2010,759.2840369
Guinea,GIN,2011,507.8400227
Guinea,GIN,2012,261.0614428
Guinea,GIN,2013,329.0121249
Guinea-Bissau,GNB,2005,253.6679955
Guinea-Bissau,GNB,2006,178.235398
Guinea-Bissau,GNB,2007,237.7871034
Guinea-Bissau,GNB,2008,301.9702003
Guinea-Bissau,GNB,2009,766.4110675
Guinea-Bissau,GNB,2010,349.8774782
Guinea-Bissau,GNB,2011,905.8846183
Guinea-Bissau,GNB,2012,649.2551801
Guinea-Bissau,GNB,2013,643.8040603
Guyana,GUY,2005,4.643966018
Guyana,GUY,2006,2.175569864
Guyana,GUY,2007,16.61611335
Guyana,GUY,2008,2.729192608
Guyana,GUY,2009,2.261065252
Guyana,GUY,2010,2.292823084
Guyana,GUY,2011,51.1222621
Guyana,GUY,2012,79.93156795
Guyana,GUY,2013,120.1911864
Haiti,HTI,2005,5.66958938
Haiti,HTI,2006,7.92545126
Haiti,HTI,2007,7.296703279
Haiti,HTI,2008,11.30367208
Haiti,HTI,2009,11.22026817
Haiti,HTI,2010,5.719088348
Haiti,HTI,2011,4.153208376
Haiti,HTI,2012,4.496765591
Haiti,HTI,2013,3.401983298
Honduras,HND,2005,3301.337683
Honduras,HND,2006,2289.6303
Honduras,HND,2007,1991.059201
Honduras,HND,2008,2476.496634
Honduras,HND,2009,3103.856367
Honduras,HND,2010,4669.791995
Honduras,HND,2011,5437.849963
Honduras,HND,2012,5323.642831
Honduras,HND,2013,4121.084425
Hong Kong,HKG,2005,0
Hong Kong,HKG,2006,0
Hong Kong,HKG,2007,0
Hong Kong,HKG,2008,0
Hong Kong,HKG,2009,0
Hong Kong,HKG,2010,0
Hong Kong,HKG,2011,0
Hong Kong,HKG,2012,0
Hong Kong,HKG,2013,0
Hungary,HUN,2005,0
Hungary,HUN,2006,0
Hungary,HUN,2007,0
Hungary,HUN,2008,0
Hungary,HUN,2009,0
Hungary,HUN,2010,0
Hungary,HUN,2011,0
Hungary,HUN,2012,0
Hungary,HUN,2013,0
Iceland,ISL,2005,0
Iceland,ISL,2006,0
Iceland,ISL,2007,0
Iceland,ISL,2008,0
Iceland,ISL,2009,0
Iceland,ISL,2010,0
Iceland,ISL,2011,0
Iceland,ISL,2012,0
Iceland,ISL,2013,0
India,IND,2005,900.3066533
India,IND,2006,1137.214003
India,IND,2007,2105.098107
India,IND,2008,2747.642133
India,IND,2009,1940.879259
India,IND,2010,2406.032254
India,IND,2011,3930.889336
India,IND,2012,3216.790735
India,IND,2013,4512.909477
Indonesia,IDN,2005,196664.0142
Indonesia,IDN,2006,271111.8712
Indonesia,IDN,2007,298356.1966
Indonesia,IDN,2008,360996.1947
Indonesia,IDN,2009,424528.5878
Indonesia,IDN,2010,373503.2887
Indonesia,IDN,2011,380241.5756
Indonesia,IDN,2012,425539.3727
Indonesia,IDN,2013,410700.4737
Iran,IRN,2005,4.770893816
Iran,IRN,2006,9.217510942
Iran,IRN,2007,0.660512869
Iran,IRN,2008,0.318720243
Iran,IRN,2009,0.120477802
Iran,IRN,2010,0.392011367
Iran,IRN,2011,0.130593563
Iran,IRN,2012,0.044094877
Iran,IRN,2013,0.101628988
Iraq,IRQ,2005,0.096961986
Iraq,IRQ,2006,0.015451246
Iraq,IRQ,2007,0.05197298
Iraq,IRQ,2008,0.065047701
Iraq,IRQ,2009,0.047870045
Iraq,IRQ,2010,0.047240892
Iraq,IRQ,2011,0.064024637
Iraq,IRQ,2012,0.099110646
Iraq,IRQ,2013,0.139439649
Ireland,IRL,2005,0
Ireland,IRL,2006,0
Ireland,IRL,2007,0
Ireland,IRL,2008,0
Ireland,IRL,2009,0
Ireland,IRL,2010,0
Ireland,IRL,2011,0
Ireland,IRL,2012,0
Ireland,IRL,2013,0
Israel,ISR,2005,0.679222259
Israel,ISR,2006,0.81664029
Israel,ISR,2007,2.921526874
Israel,ISR,2008,2.901393383
Israel,ISR,2009,6.28726275
Israel,ISR,2010,9.38593807
Israel,ISR,2011,49.11776619
Israel,ISR,2012,45.99311929
Israel,ISR,2013,53.16090149
Italy,ITA,2005,756.1099077
Italy,ITA,2006,728.0961491
Italy,ITA,2007,774.4748362
Italy,ITA,2008,1047.070222
Italy,ITA,2009,1108.149573
Italy,ITA,2010,1114.519837
Italy,ITA,2011,1148.124705
Italy,ITA,2012,1086.621148
Italy,ITA,2013,913.9384214
Jamaica,JAM,2005,4.60043901
Jamaica,JAM,2006,0.39215731
Jamaica,JAM,2007,2.225191173
Jamaica,JAM,2008,1.39097097
Jamaica,JAM,2009,3.608369778
Jamaica,JAM,2010,2.67442762
Jamaica,JAM,2011,2.159393243
Jamaica,JAM,2012,15.03630097
Jamaica,JAM,2013,16.90467975
Japan,JPN,2005,4.286630638
Japan,JPN,2006,11.7975961
Japan,JPN,2007,16.23859384
Japan,JPN,2008,25.27077847
Japan,JPN,2009,46.04169749
Japan,JPN,2010,69.20472393
Japan,JPN,2011,78.3003003
Japan,JPN,2012,78.6461909
Japan,JPN,2013,82.23903782
Jordan,JOR,2005,0.069758507
Jordan,JOR,2006,0.087274065
Jordan,JOR,2007,0.098011978
Jordan,JOR,2008,0.126910815
Jordan,JOR,2009,0.06568093
Jordan,JOR,2010,0.068469184
Jordan,JOR,2011,0.026960403
Jordan,JOR,2012,0.005475221
Jordan,JOR,2013,0.004773777
Kazakhstan,KAZ,2005,0
Kazakhstan,KAZ,2006,0
Kazakhstan,KAZ,2007,0
Kazakhstan,KAZ,2008,0
Kazakhstan,KAZ,2009,0
Kazakhstan,KAZ,2010,0
Kazakhstan,KAZ,2011,0
Kazakhstan,KAZ,2012,0
Kazakhstan,KAZ,2013,0
Kenya,KEN,2005,1660.831404
Kenya,KEN,2006,1630.46399
Kenya,KEN,2007,1163.907772
Kenya,KEN,2008,1326.703089
Kenya,KEN,2009,1244.848993
Kenya,KEN,2010,1463.556256
Kenya,KEN,2011,885.8812827
Kenya,KEN,2012,277.0642808
Kenya,KEN,2013,624.8903068
Kiribati,KIR,2005,0
Kiribati,KIR,2006,0
Kiribati,KIR,2007,0
Kiribati,KIR,2008,0
Kiribati,KIR,2009,0
Kiribati,KIR,2010,0
Kiribati,KIR,2011,0
Kiribati,KIR,2012,0
Kiribati,KIR,2013,0
Kuwait,KWT,2005,0
Kuwait,KWT,2006,0
Kuwait,KWT,2007,0
Kuwait,KWT,2008,0
Kuwait,KWT,2009,0
Kuwait,KWT,2010,0
Kuwait,KWT,2011,0
Kuwait,KWT,2012,0
Kuwait,KWT,2013,0
Kyrgyzstan,KGZ,2005,0
Kyrgyzstan,KGZ,2006,0
Kyrgyzstan,KGZ,2007,0
Kyrgyzstan,KGZ,2008,0
Kyrgyzstan,KGZ,2009,0
Kyrgyzstan,KGZ,2010,0
Kyrgyzstan,KGZ,2011,0
Kyrgyzstan,KGZ,2012,0
Kyrgyzstan,KGZ,2013,0
Laos,LAO,2005,4290.496032
Laos,LAO,2006,6423.297848
Laos,LAO,2007,3142.231369
Laos,LAO,2008,4736.181512
Laos,LAO,2009,6684.577768
Laos,LAO,2010,7518.918052
Laos,LAO,2011,5136.572616
Laos,LAO,2012,3769.355677
Laos,LAO,2013,5165.041747
Latvia,LVA,2005,0
Latvia,LVA,2006,0
Latvia,LVA,2007,0
Latvia,LVA,2008,0
Latvia,LVA,2009,0
Latvia,LVA,2010,0
Latvia,LVA,2011,0
Latvia,LVA,2012,0
Latvia,LVA,2013,0
Lebanon,LBN,2005,4.468183142
Lebanon,LBN,2006,3.607914545
Lebanon,LBN,2007,4.858285419
Lebanon,LBN,2008,9.229060769
Lebanon,LBN,2009,9.485465709
Lebanon,LBN,2010,12.38832292
Lebanon,LBN,2011,10.22015371
Lebanon,LBN,2012,15.35868346
Lebanon,LBN,2013,18.92184388
Lesotho,LSO,2005,0
Lesotho,LSO,2006,0.005885442
Lesotho,LSO,2007,0.013848391
Lesotho,LSO,2008,0.006232393
Lesotho,LSO,2009,0.006857146
Lesotho,LSO,2010,0.001538728
Lesotho,LSO,2011,0
Lesotho,LSO,2012,0
Lesotho,LSO,2013,0.00018311
Liberia,LBR,2005,743.0113933
Liberia,LBR,2006,594.5115171
Liberia,LBR,2007,365.3567356
Liberia,LBR,2008,123.2503947
Liberia,LBR,2009,642.502088
Liberia,LBR,2010,3966.504998
Liberia,LBR,2011,6918.567604
Liberia,LBR,2012,5630.768457
Liberia,LBR,2013,4924.155366
Libya,LBY,2005,0.015211694
Libya,LBY,2006,0.026633643
Libya,LBY,2007,0.038083589
Libya,LBY,2008,0.020326583
Libya,LBY,2009,0.005598419
Libya,LBY,2010,0.005434916
Libya,LBY,2011,0.000291106
Libya,LBY,2012,0.000273815
Libya,LBY,2013,0.000277206
Lithuania,LTU,2005,0
Lithuania,LTU,2006,0
Lithuania,LTU,2007,0
Lithuania,LTU,2008,0
Lithuania,LTU,2009,0
Lithuania,LTU,2010,0
Lithuania,LTU,2011,0
Lithuania,LTU,2012,0
Lithuania,LTU,2013,0
Luxembourg,LUX,2005,0
Luxembourg,LUX,2006,0
Luxembourg,LUX,2007,0
Luxembourg,LUX,2008,0
Luxembourg,LUX,2009,0
Luxembourg,LUX,2010,0
Luxembourg,LUX,2011,0
Luxembourg,LUX,2012,0
Luxembourg,LUX,2013,0
Macao,MAC,2005,0
Macao,MAC,2006,0
Macao,MAC,2007,0
Macao,MAC,2008,0
Macao,MAC,2009,0
Macao,MAC,2010,0
Macao,MAC,2011,0
Macao,MAC,2012,0
Macao,MAC,2013,0
Madagascar,MDG,2005,1342.838672
Madagascar,MDG,2006,4081.248098
Madagascar,MDG,2007,2772.13962
Madagascar,MDG,2008,2764.917835
Madagascar,MDG,2009,3462.546207
Madagascar,MDG,2010,5047.78797
Madagascar,MDG,2011,3086.367794
Madagascar,MDG,2012,1948.519057
Madagascar,MDG,2013,352.1176802
Malawi,MWI,2005,499.8327663
Malawi,MWI,2006,505.8016927
Malawi,MWI,2007,1028.993884
Malawi,MWI,2008,640.0680226
Malawi,MWI,2009,634.8698108
Malawi,MWI,2010,870.0318795
Malawi,MWI,2011,1144.404004
Malawi,MWI,2012,853.4528798
Malawi,MWI,2013,1261.014937
Malaysia,MYS,2005,48045.76591
Malaysia,MYS,2006,48445.35088
Malaysia,MYS,2007,49595.22336
Malaysia,MYS,2008,56701.56715
Malaysia,MYS,2009,75505.08708
Malaysia,MYS,2010,93246.61964
Malaysia,MYS,2011,102120.1918
Malaysia,MYS,2012,99980.29356
Malaysia,MYS,2013,99978.21767
Maldives,MDV,2005,1.22176E-05
Maldives,MDV,2006,0.001149439
Maldives,MDV,2007,0
Maldives,MDV,2008,0
Maldives,MDV,2009,0
Maldives,MDV,2010,0
Maldives,MDV,2011,0
Maldives,MDV,2012,0
Maldives,MDV,2013,0
Mali,MLI,2005,16.72777262
Mali,MLI,2006,11.83582261
Mali,MLI,2007,4.316655508
Mali,MLI,2008,2.078960031
Mali,MLI,2009,2.790653386
Mali,MLI,2010,4.918411054
Mali,MLI,2011,7.415073276
Mali,MLI,2012,12.34908399
Mali,MLI,2013,8.004562688
Malta,MLT,2005,0.001964322
Malta,MLT,2006,0
Malta,MLT,2007,0.034750693
Malta,MLT,2008,0.042989239
Malta,MLT,2009,0.111770198
Malta,MLT,2010,0.10026737
Malta,MLT,2011,0.062241708
Malta,MLT,2012,0.194660756
Malta,MLT,2013,0.089928474
Martinique,MTQ,2005,0
Martinique,MTQ,2006,0
Martinique,MTQ,2007,0
Martinique,MTQ,2008,0
Martinique,MTQ,2009,0
Martinique,MTQ,2010,0
Martinique,MTQ,2011,0
Martinique,MTQ,2012,0
Mauritania,MRT,2005,0.001657719
Mauritania,MRT,2006,0.000203292
Mauritania,MRT,2007,4.08911E-06
Mauritania,MRT,2008,2.43E-07
Mauritania,MRT,2009,1.38781E-06
Mauritania,MRT,2010,0
Mauritania,MRT,2011,0
Mauritania,MRT,2012,0
Mauritania,MRT,2013,0
Mauritius,MUS,2005,0.064653552
Mauritius,MUS,2006,0.126779611
Mauritius,MUS,2007,0.156056176
Mauritius,MUS,2008,0.503920957
Mauritius,MUS,2009,1.382318731
Mauritius,MUS,2010,2.642636731
Mauritius,MUS,2011,0.5830225
Mauritius,MUS,2012,0.487042766
Mauritius,MUS,2013,16.13499465
Mexico,MEX,2005,5853.95052
Mexico,MEX,2006,5726.254789
Mexico,MEX,2007,6993.633999
Mexico,MEX,2008,6421.210385
Mexico,MEX,2009,7104.81642
Mexico,MEX,2010,7253.192451
Mexico,MEX,2011,11024.53364
Mexico,MEX,2012,10123.35124
Mexico,MEX,2013,9160.763189
Moldova,MDA,2005,0
Moldova,MDA,2006,0
Moldova,MDA,2007,0
Moldova,MDA,2008,0
Moldova,MDA,2009,0
Moldova,MDA,2010,0
Moldova,MDA,2011,0
Moldova,MDA,2012,0
Moldova,MDA,2013,0
Mongolia,MNG,2005,0
Mongolia,MNG,2006,0
Mongolia,MNG,2007,0
Mongolia,MNG,2008,0
Mongolia,MNG,2009,0
Mongolia,MNG,2010,0
Mongolia,MNG,2011,0
Mongolia,MNG,2012,0
Mongolia,MNG,2013,0
Montenegro,MNE,2006,0
Montenegro,MNE,2007,0
Montenegro,MNE,2008,0
Montenegro,MNE,2009,0
Montenegro,MNE,2010,0
Montenegro,MNE,2011,0
Montenegro,MNE,2012,0
Montenegro,MNE,2013,0
Morocco,MAR,2005,113.2477607
Morocco,MAR,2006,110.647792
Morocco,MAR,2007,125.7489504
Morocco,MAR,2008,139.4196995
Morocco,MAR,2009,147.3198759
Morocco,MAR,2010,172.0976549
Morocco,MAR,2011,128.0141538
Morocco,MAR,2012,117.342453
Morocco,MAR,2013,86.37507096
Mozambique,MOZ,2005,3941.821901
Mozambique,MOZ,2006,8844.293984
Mozambique,MOZ,2007,10871.46251
Mozambique,MOZ,2008,7538.235656
Mozambique,MOZ,2009,7571.969047
Mozambique,MOZ,2010,9322.197059
Mozambique,MOZ,2011,4608.044577
Mozambique,MOZ,2012,5687.545051
Mozambique,MOZ,2013,7906.756381
Myanmar,MMR,2005,8945.56331
Myanmar,MMR,2006,9285.415055
Myanmar,MMR,2007,10809.11724
Myanmar,MMR,2008,12617.19751
Myanmar,MMR,2009,15465.26103
Myanmar,MMR,2010,10344.0339
Myanmar,MMR,2011,9369.702956
Myanmar,MMR,2012,7306.762141
Myanmar,MMR,2013,6806.852749
Namibia,NAM,2005,81.49311943
Namibia,NAM,2006,36.89670166
Namibia,NAM,2007,61.57014834
Namibia,NAM,2008,42.58754907
Namibia,NAM,2009,54.15207988
Namibia,NAM,2010,50.01164398
Namibia,NAM,2011,51.07362615
Namibia,NAM,2012,89.49086351
Namibia,NAM,2013,76.06519516
Nepal,NPL,2005,0.187652163
Nepal,NPL,2006,0.206245782
Nepal,NPL,2007,0.676713189
Nepal,NPL,2008,0.12352028
Nepal,NPL,2009,3.366502645
Nepal,NPL,2010,2.461786492
Nepal,NPL,2011,16.63034768
Nepal,NPL,2012,46.58231136
Nepal,NPL,2013,29.05952491
Netherlands,NLD,2005,0
Netherlands,NLD,2006,0
Netherlands,NLD,2007,0
Netherlands,NLD,2008,0
Netherlands,NLD,2009,0
Netherlands,NLD,2010,0
Netherlands,NLD,2011,0
Netherlands,NLD,2012,0
Netherlands,NLD,2013,0
New Caledonia,NCL,2005,2.165065935
New Caledonia,NCL,2006,0
New Caledonia,NCL,2007,0
New Caledonia,NCL,2008,0
New Caledonia,NCL,2009,0
New Caledonia,NCL,2010,0
New Caledonia,NCL,2011,0
New Caledonia,NCL,2012,0
New Caledonia,NCL,2013,0.057647838
New Zealand,NZL,2005,0
New Zealand,NZL,2006,0
New Zealand,NZL,2007,0
New Zealand,NZL,2008,0
New Zealand,NZL,2009,0
New Zealand,NZL,2010,0
New Zealand,NZL,2011,0
New Zealand,NZL,2012,0
New Zealand,NZL,2013,0
Nicaragua,NIC,2005,12543.54819
Nicaragua,NIC,2006,12046.82174
Nicaragua,NIC,2007,14771.6575
Nicaragua,NIC,2008,18834.95437
Nicaragua,NIC,2009,24409.33075
Nicaragua,NIC,2010,25934.06826
Nicaragua,NIC,2011,31180.87953
Nicaragua,NIC,2012,29072.7339
Nicaragua,NIC,2013,13721.87981
Niger,NER,2005,0.000693391
Niger,NER,2006,0.001099807
Niger,NER,2007,0.002278628
Niger,NER,2008,0.001579094
Niger,NER,2009,0.000201342
Niger,NER,2010,0.001811915
Niger,NER,2011,0.004389994
Niger,NER,2012,0.009845941
Niger,NER,2013,0.007370177
Nigeria,NGA,2005,595.4260805
Nigeria,NGA,2006,358.2878574
Nigeria,NGA,2007,302.0717862
Nigeria,NGA,2008,193.6211589
Nigeria,NGA,2009,118.6927182
Nigeria,NGA,2010,43.33703907
Nigeria,NGA,2011,78.81850511
Nigeria,NGA,2012,70.72492358
Nigeria,NGA,2013,152.4562008
North Korea,PRK,2005,0
North Korea,PRK,2006,0
North Korea,PRK,2007,0
North Korea,PRK,2008,0
North Korea,PRK,2009,0
North Korea,PRK,2010,0
North Korea,PRK,2011,0
North Korea,PRK,2012,0
North Korea,PRK,2013,0
Norway,NOR,2005,0
Norway,NOR,2006,0
Norway,NOR,2007,0
Norway,NOR,2008,0
Norway,NOR,2009,0
Norway,NOR,2010,0
Norway,NOR,2011,0
Norway,NOR,2012,0
Norway,NOR,2013,0
Oman,OMN,2005,0
Oman,OMN,2006,0
Oman,OMN,2007,0
Oman,OMN,2008,0.000621004
Oman,OMN,2009,0.00143003
Oman,OMN,2010,0.00131037
Oman,OMN,2011,0.001510784
Oman,OMN,2012,0.001186031
Oman,OMN,2013,0
Pakistan,PAK,2005,4.327249371
Pakistan,PAK,2006,2.414820432
Pakistan,PAK,2007,5.182332352
Pakistan,PAK,2008,7.470154638
Pakistan,PAK,2009,9.133117852
Pakistan,PAK,2010,18.074083
Pakistan,PAK,2011,57.0460441
Pakistan,PAK,2012,53.92417844
Pakistan,PAK,2013,54.35777468
Palestine,PSE,2005,0
Palestine,PSE,2006,0
Palestine,PSE,2007,0
Palestine,PSE,2008,0
Palestine,PSE,2009,0
Palestine,PSE,2010,0
Palestine,PSE,2011,0
Palestine,PSE,2012,0
Palestine,PSE,2013,0
Panama,PAN,2005,1093.073799
Panama,PAN,2006,1398.453768
Panama,PAN,2007,1468.194137
Panama,PAN,2008,1061.9779
Panama,PAN,2009,754.6852614
Panama,PAN,2010,950.8405006
Panama,PAN,2011,933.0928775
Panama,PAN,2012,599.2473781
Panama,PAN,2013,839.5427184
Papua New Guinea,PNG,2005,7044.078806
Papua New Guinea,PNG,2006,9602.579235
Papua New Guinea,PNG,2007,13353.81246
Papua New Guinea,PNG,2008,14233.64032
Papua New Guinea,PNG,2009,15465.17124
Papua New Guinea,PNG,2010,14125.53316
Papua New Guinea,PNG,2011,10119.85857
Papua New Guinea,PNG,2012,5906.512965
Papua New Guinea,PNG,2013,4242.690345
Paraguay,PRY,2005,86591.24742
Paraguay,PRY,2006,107303.2156
Paraguay,PRY,2007,139548.5555
Paraguay,PRY,2008,165588.2306
Paraguay,PRY,2009,172787.3113
Paraguay,PRY,2010,120060.6941
Paraguay,PRY,2011,111993.8981
Paraguay,PRY,2012,145599.4349
Paraguay,PRY,2013,120810.9261
Peru,PER,2005,5579.995905
Peru,PER,2006,6914.140427
Peru,PER,2007,8783.775545
Peru,PER,2008,10137.75205
Peru,PER,2009,12163.13173
Peru,PER,2010,11649.76196
Peru,PER,2011,11729.87458
Peru,PER,2012,11919.33917
Peru,PER,2013,11401.82544
Philippines,PHL,2005,2762.709079
Philippines,PHL,2006,3174.345158
Philippines,PHL,2007,2800.375022
Philippines,PHL,2008,2643.151392
Philippines,PHL,2009,2929.732642
Philippines,PHL,2010,6035.053013
Philippines,PHL,2011,5238.975595
Philippines,PHL,2012,5013.587855
Philippines,PHL,2013,7043.917969
Poland,POL,2005,0
Poland,POL,2006,0
Poland,POL,2007,0
Poland,POL,2008,0
Poland,POL,2009,0
Poland,POL,2010,0
Poland,POL,2011,0
Poland,POL,2012,0
Poland,POL,2013,0
Portugal,PRT,2005,2457.861367
Portugal,PRT,2006,2155.626912
Portugal,PRT,2007,2236.299367
Portugal,PRT,2008,2729.178283
Portugal,PRT,2009,2832.392485
Portugal,PRT,2010,2608.803217
Portugal,PRT,2011,2860.533559
Portugal,PRT,2012,3514.514724
Portugal,PRT,2013,3764.487003
Qatar,QAT,2005,0
Qatar,QAT,2006,0
Qatar,QAT,2007,0
Qatar,QAT,2008,0
Qatar,QAT,2009,0
Qatar,QAT,2010,0
Qatar,QAT,2011,0
Qatar,QAT,2012,0
Qatar,QAT,2013,0
Reunion,REU,2005,0
Reunion,REU,2006,0
Reunion,REU,2007,0
Reunion,REU,2008,0
Reunion,REU,2009,0
Reunion,REU,2010,0
Reunion,REU,2011,0
Reunion,REU,2012,0
Reunion,REU,2013,0
Romania,ROU,2005,0
Romania,ROU,2006,0
Romania,ROU,2007,0
Romania,ROU,2008,0
Romania,ROU,2009,0
Romania,ROU,2010,0
Romania,ROU,2011,0
Romania,ROU,2012,0
Romania,ROU,2013,0
Russia,RUS,2005,0
Russia,RUS,2006,0
Russia,RUS,2007,0
Russia,RUS,2008,0
Russia,RUS,2009,0
Russia,RUS,2010,0
Russia,RUS,2011,0
Russia,RUS,2012,0
Russia,RUS,2013,0
Rwanda,RWA,2005,9.782688195
Rwanda,RWA,2006,15.40308757
Rwanda,RWA,2007,14.52948235
Rwanda,RWA,2008,11.60975083
Rwanda,RWA,2009,9.249577995
Rwanda,RWA,2010,19.42249668
Rwanda,RWA,2011,18.89817956
Rwanda,RWA,2012,26.46470736
Rwanda,RWA,2013,28.13504363
Saint Lucia,LCA,2005,0
Saint Lucia,LCA,2006,0
Saint Lucia,LCA,2007,4.551826703
Saint Lucia,LCA,2008,5.324676116
Saint Lucia,LCA,2009,5.310367014
Saint Lucia,LCA,2010,4.705649961
Saint Lucia,LCA,2011,2.15999576
Saint Lucia,LCA,2012,0.093064092
Saint Lucia,LCA,2013,0.053000428
Saint Vincent and the Grenadines,VCT,2005,0
Saint Vincent and the Grenadines,VCT,2006,0
Saint Vincent and the Grenadines,VCT,2007,0
Saint Vincent and the Grenadines,VCT,2008,0
Saint Vincent and the Grenadines,VCT,2009,0
Saint Vincent and the Grenadines,VCT,2010,0
Saint Vincent and the Grenadines,VCT,2011,0
Saint Vincent and the Grenadines,VCT,2012,0
Saint Vincent and the Grenadines,VCT,2013,0
Samoa,WSM,2005,0
Samoa,WSM,2006,0
Samoa,WSM,2007,0
Samoa,WSM,2008,0
Samoa,WSM,2009,0
Samoa,WSM,2010,0
Samoa,WSM,2011,0
Samoa,WSM,2012,0
Samoa,WSM,2013,0
Sao Tome and Principe,STP,2005,0
Sao Tome and Principe,STP,2006,0
Sao Tome and Principe,STP,2007,0
Sao Tome and Principe,STP,2008,0
Sao Tome and Principe,STP,2009,0
Sao Tome and Principe,STP,2010,0
Sao Tome and Principe,STP,2011,0
Sao Tome and Principe,STP,2012,0
Sao Tome and Principe,STP,2013,0
Saudi Arabia,SAU,2005,0
Saudi Arabia,SAU,2006,0
Saudi Arabia,SAU,2007,0
Saudi Arabia,SAU,2008,0
Saudi Arabia,SAU,2009,0
Saudi Arabia,SAU,2010,0
Saudi Arabia,SAU,2011,0
Saudi Arabia,SAU,2012,0
Saudi Arabia,SAU,2013,0
Senegal,SEN,2005,0.610192497
Senegal,SEN,2006,1.498782371
Senegal,SEN,2007,12.93964188
Senegal,SEN,2008,4.156290349
Senegal,SEN,2009,7.584263088
Senegal,SEN,2010,12.52380467
Senegal,SEN,2011,32.16652491
Senegal,SEN,2012,8.596297526
Senegal,SEN,2013,2.807826098
Serbia,SRB,2006,0
Serbia,SRB,2007,0
Serbia,SRB,2008,0
Serbia,SRB,2009,0
Serbia,SRB,2010,0
Serbia,SRB,2011,0
Serbia,SRB,2012,0
Serbia,SRB,2013,0
Seychelles,SYC,2005,0
Seychelles,SYC,2006,0
Seychelles,SYC,2007,0
Seychelles,SYC,2008,0
Seychelles,SYC,2009,0
Seychelles,SYC,2010,0
Seychelles,SYC,2011,0
Seychelles,SYC,2012,0.007630117
Seychelles,SYC,2013,0.034169319
Sierra Leone,SLE,2005,15.22810201
Sierra Leone,SLE,2006,17.97403697
Sierra Leone,SLE,2007,28.72011912
Sierra Leone,SLE,2008,108.2507776
Sierra Leone,SLE,2009,332.0841277
Sierra Leone,SLE,2010,311.2887806
Sierra Leone,SLE,2011,442.1256893
Sierra Leone,SLE,2012,505.437711
Sierra Leone,SLE,2013,376.8816499
Singapore,SGP,2005,0
Singapore,SGP,2006,0
Singapore,SGP,2007,0
Singapore,SGP,2008,0
Singapore,SGP,2009,0.084321832
Singapore,SGP,2010,0.147825528
Singapore,SGP,2011,0.161403047
Singapore,SGP,2012,0.158109746
Singapore,SGP,2013,0.242149525
Slovakia,SVK,2005,0
Slovakia,SVK,2006,0
Slovakia,SVK,2007,0
Slovakia,SVK,2008,0
Slovakia,SVK,2009,0
Slovakia,SVK,2010,0
Slovakia,SVK,2011,0
Slovakia,SVK,2012,0
Slovakia,SVK,2013,0
Slovenia,SVN,2005,0
Slovenia,SVN,2006,0
Slovenia,SVN,2007,0
Slovenia,SVN,2008,0
Slovenia,SVN,2009,0
Slovenia,SVN,2010,0
Slovenia,SVN,2011,0
Slovenia,SVN,2012,0
Slovenia,SVN,2013,0
Solomon Islands,SLB,2005,0
Solomon Islands,SLB,2006,0
Solomon Islands,SLB,2007,0
Solomon Islands,SLB,2008,0
Solomon Islands,SLB,2009,0
Solomon Islands,SLB,2010,0
Solomon Islands,SLB,2011,0
Solomon Islands,SLB,2012,0
Solomon Islands,SLB,2013,0
Somalia,SOM,2005,3.31127947
Somalia,SOM,2006,1.365390102
Somalia,SOM,2007,4.564287801
Somalia,SOM,2008,0.405110393
Somalia,SOM,2009,0.004438644
Somalia,SOM,2010,0.023292398
Somalia,SOM,2011,0.175081557
Somalia,SOM,2012,0.000207195
Somalia,SOM,2013,0.006534765
South Africa,ZAF,2005,2172.931582
South Africa,ZAF,2006,1513.820835
South Africa,ZAF,2007,1784.859407
South Africa,ZAF,2008,1016.111137
South Africa,ZAF,2009,991.2892074
South Africa,ZAF,2010,869.8896917
South Africa,ZAF,2011,763.6746514
South Africa,ZAF,2012,2944.172199
South Africa,ZAF,2013,3911.151386
South Korea,KOR,2005,0
South Korea,KOR,2006,0
South Korea,KOR,2007,0
South Korea,KOR,2008,0
South Korea,KOR,2009,0
South Korea,KOR,2010,0
South Korea,KOR,2011,0
South Korea,KOR,2012,0
South Korea,KOR,2013,0
Spain,ESP,2005,4745.383445
Spain,ESP,2006,6998.226032
Spain,ESP,2007,11309.52489
Spain,ESP,2008,10990.91645
Spain,ESP,2009,17490.72066
Spain,ESP,2010,17151.487
Spain,ESP,2011,13204.70547
Spain,ESP,2012,9285.511872
Spain,ESP,2013,7693.860898
Sri Lanka,LKA,2005,237.8795944
Sri Lanka,LKA,2006,227.0561444
Sri Lanka,LKA,2007,579.959101
Sri Lanka,LKA,2008,734.9607902
Sri Lanka,LKA,2009,910.4706998
Sri Lanka,LKA,2010,868.154162
Sri Lanka,LKA,2011,1128.585014
Sri Lanka,LKA,2012,916.6677632
Sri Lanka,LKA,2013,846.2153184
Sudan,SDN,2005,0
Sudan,SDN,2006,0
Sudan,SDN,2007,0
Sudan,SDN,2008,0
Sudan,SDN,2009,0
Sudan,SDN,2010,0
Sudan,SDN,2011,0
Suriname,SUR,2005,0
Suriname,SUR,2006,0
Suriname,SUR,2007,60.07905881
Suriname,SUR,2008,140.0458755
Suriname,SUR,2009,254.3368686
Suriname,SUR,2010,535.0181075
Suriname,SUR,2011,417.2423984
Suriname,SUR,2012,530.0327335
Suriname,SUR,2013,457.4587201
Sweden,SWE,2005,0
Sweden,SWE,2006,0
Sweden,SWE,2007,0
Sweden,SWE,2008,0
Sweden,SWE,2009,0
Sweden,SWE,2010,0
Sweden,SWE,2011,0
Sweden,SWE,2012,0
Sweden,SWE,2013,0
Switzerland,CHE,2005,0
Switzerland,CHE,2006,0
Switzerland,CHE,2007,0
Switzerland,CHE,2008,0
Switzerland,CHE,2009,0
Switzerland,CHE,2010,0
Switzerland,CHE,2011,0
Switzerland,CHE,2012,0
Switzerland,CHE,2013,0
Syria,SYR,2005,32.84587732
Syria,SYR,2006,53.86187181
Syria,SYR,2007,85.5891907
Syria,SYR,2008,66.77082159
Syria,SYR,2009,60.56502659
Syria,SYR,2010,83.94926668
Syria,SYR,2011,23.49890484
Syria,SYR,2012,47.87568621
Syria,SYR,2013,80.39808702
Taiwan,TWN,2005,0
Taiwan,TWN,2006,0
Taiwan,TWN,2007,0
Taiwan,TWN,2008,0
Taiwan,TWN,2009,0
Taiwan,TWN,2010,0
Taiwan,TWN,2011,0
Taiwan,TWN,2012,0
Taiwan,TWN,2013,0
Tajikistan,TJK,2005,0
Tajikistan,TJK,2006,0
Tajikistan,TJK,2007,0
Tajikistan,TJK,2008,0
Tajikistan,TJK,2009,0
Tajikistan,TJK,2010,0
Tajikistan,TJK,2011,0
Tajikistan,TJK,2012,0
Tajikistan,TJK,2013,0
Tanzania,TZA,2005,8814.956284
Tanzania,TZA,2006,10212.94856
Tanzania,TZA,2007,12173.22219
Tanzania,TZA,2008,12415.86815
Tanzania,TZA,2009,19425.88492
Tanzania,TZA,2010,14514.76143
Tanzania,TZA,2011,13306.34315
Tanzania,TZA,2012,15603.1233
Tanzania,TZA,2013,11714.11029
Thailand,THA,2005,14184.08926
Thailand,THA,2006,19726.17189
Thailand,THA,2007,24542.38813
Thailand,THA,2008,23986.82563
Thailand,THA,2009,29467.52964
Thailand,THA,2010,40960.78218
Thailand,THA,2011,50770.88314
Thailand,THA,2012,52565.57944
Thailand,THA,2013,58355.37658
Togo,TGO,2005,511.9370996
Togo,TGO,2006,425.6416914
Togo,TGO,2007,763.3847493
Togo,TGO,2008,774.5334536
Togo,TGO,2009,1311.186192
Togo,TGO,2010,1147.517636
Togo,TGO,2011,1066.926913
Togo,TGO,2012,825.6860866
Togo,TGO,2013,745.6187499
Tonga,TON,2005,0
Tonga,TON,2006,0
Tonga,TON,2007,0
Tonga,TON,2008,0
Tonga,TON,2009,0
Tonga,TON,2010,0
Tonga,TON,2011,0
Tonga,TON,2012,0
Tonga,TON,2013,0
Trinidad and Tobago,TTO,2005,59.86382445
Trinidad and Tobago,TTO,2006,66.90626588
Trinidad and Tobago,TTO,2007,59.18049239
Trinidad and Tobago,TTO,2008,22.6056071
Trinidad and Tobago,TTO,2009,47.41250604
Trinidad and Tobago,TTO,2010,41.85388226
Trinidad and Tobago,TTO,2011,8.964119853
Trinidad and Tobago,TTO,2012,11.87828067
Trinidad and Tobago,TTO,2013,12.27201789
Tunisia,TUN,2005,4.65947609
Tunisia,TUN,2006,24.92865195
Tunisia,TUN,2007,32.95924776
Tunisia,TUN,2008,63.68012251
Tunisia,TUN,2009,76.13153727
Tunisia,TUN,2010,71.47853354
Tunisia,TUN,2011,99.19957976
Tunisia,TUN,2012,78.10766229
Tunisia,TUN,2013,75.48108013
Turkey,TUR,2005,929.8359475
Turkey,TUR,2006,1022.409959
Turkey,TUR,2007,649.4352961
Turkey,TUR,2008,801.5805651
Turkey,TUR,2009,851.3695114
Turkey,TUR,2010,787.5702653
Turkey,TUR,2011,808.5980846
Turkey,TUR,2012,1187.558009
Turkey,TUR,2013,1523.004761
Turkmenistan,TKM,2005,0
Turkmenistan,TKM,2006,0
Turkmenistan,TKM,2007,0
Turkmenistan,TKM,2008,0
Turkmenistan,TKM,2009,0
Turkmenistan,TKM,2010,0
Turkmenistan,TKM,2011,0
Turkmenistan,TKM,2012,0
Turkmenistan,TKM,2013,0
Uganda,UGA,2005,1303.051476
Uganda,UGA,2006,2635.014545
Uganda,UGA,2007,5707.074661
Uganda,UGA,2008,5687.409134
Uganda,UGA,2009,6851.496866
Uganda,UGA,2010,6698.437134
Uganda,UGA,2011,6969.261857
Uganda,UGA,2012,4239.285486
Uganda,UGA,2013,2654.771357
Ukraine,UKR,2005,0
Ukraine,UKR,2006,0
Ukraine,UKR,2007,0
Ukraine,UKR,2008,0
Ukraine,UKR,2009,0
Ukraine,UKR,2010,0
Ukraine,UKR,2011,0
Ukraine,UKR,2012,0
Ukraine,UKR,2013,0
United Arab Emirates,ARE,2005,0
United Arab Emirates,ARE,2006,0
United Arab Emirates,ARE,2007,0
United Arab Emirates,ARE,2008,0
United Arab Emirates,ARE,2009,0
United Arab Emirates,ARE,2010,0
United Arab Emirates,ARE,2011,0
United Arab Emirates,ARE,2012,0
United Arab Emirates,ARE,2013,0
United Kingdom,GBR,2005,0
United Kingdom,GBR,2006,0
United Kingdom,GBR,2007,0
United Kingdom,GBR,2008,0
United Kingdom,GBR,2009,0
United Kingdom,GBR,2010,0
United Kingdom,GBR,2011,0
United Kingdom,GBR,2012,0
United Kingdom,GBR,2013,0
United States,USA,2005,0
United States,USA,2006,0
United States,USA,2007,0
United States,USA,2008,0
United States,USA,2009,0
United States,USA,2010,0
United States,USA,2011,0
United States,USA,2012,0
United States,USA,2013,0
Uruguay,URY,2005,6838.118867
Uruguay,URY,2006,9930.777002
Uruguay,URY,2007,9624.081536
Uruguay,URY,2008,11521.50546
Uruguay,URY,2009,10038.83846
Uruguay,URY,2010,10503.47203
Uruguay,URY,2011,11883.10586
Uruguay,URY,2012,10576.54167
Uruguay,URY,2013,12141.64735
Uzbekistan,UZB,2005,0
Uzbekistan,UZB,2006,0
Uzbekistan,UZB,2007,0
Uzbekistan,UZB,2008,0
Uzbekistan,UZB,2009,0
Uzbekistan,UZB,2010,0
Uzbekistan,UZB,2011,0
Uzbekistan,UZB,2012,0
Uzbekistan,UZB,2013,0
Vanuatu,VUT,2005,0
Vanuatu,VUT,2006,0
Vanuatu,VUT,2007,0
Vanuatu,VUT,2008,0
Vanuatu,VUT,2009,0
Vanuatu,VUT,2010,0
Vanuatu,VUT,2011,0
Vanuatu,VUT,2012,0
Vanuatu,VUT,2013,0
Venezuela,VEN,2005,2437.650167
Venezuela,VEN,2006,3789.297506
Venezuela,VEN,2007,1046.267153
Venezuela,VEN,2008,1813.029548
Venezuela,VEN,2009,2406.125723
Venezuela,VEN,2010,5364.481217
Venezuela,VEN,2011,7671.652154
Venezuela,VEN,2012,4694.43442
Venezuela,VEN,2013,2680.583948
Vietnam,VNM,2005,13490.20911
Vietnam,VNM,2006,14233.51704
Vietnam,VNM,2007,19119.52158
Vietnam,VNM,2008,16561.11124
Vietnam,VNM,2009,23005.21367
Vietnam,VNM,2010,50925.70021
Vietnam,VNM,2011,48608.69424
Vietnam,VNM,2012,42661.53164
Vietnam,VNM,2013,39150.12828
Yemen,YEM,2005,8.42597E-06
Yemen,YEM,2006,0
Yemen,YEM,2007,1.45057E-05
Yemen,YEM,2008,0
Yemen,YEM,2009,0
Yemen,YEM,2010,8.82888E-05
Yemen,YEM,2011,0.000283472
Yemen,YEM,2012,0.000182694
Yemen,YEM,2013,0.000231871
Zambia,ZMB,2005,10369.10668
Zambia,ZMB,2006,13392.80786
Zambia,ZMB,2007,9544.418691
Zambia,ZMB,2008,6127.88457
Zambia,ZMB,2009,5146.465458
Zambia,ZMB,2010,12848.9584
Zambia,ZMB,2011,19927.65919
Zambia,ZMB,2012,27446.07644
Zambia,ZMB,2013,22684.2595
Zimbabwe,ZWE,2005,479.9325979
Zimbabwe,ZWE,2006,1011.826272
Zimbabwe,ZWE,2007,1169.20153
Zimbabwe,ZWE,2008,1087.299567
Zimbabwe,ZWE,2009,1708.947202
Zimbabwe,ZWE,2010,635.0612876
Zimbabwe,ZWE,2011,2.231028161
Zimbabwe,ZWE,2012,0
Zimbabwe,ZWE,2013,645.7833194
